{
    "app": {
        "title": "Trailer Assembly Portal",
        "header_title": "Trailer Assembly",
        "logout": "Logout",
        "logistics_corp": "LOGISTICS CORP",
        "need_assistance": "Need Assistance?",
        "contact_supervisor": "Contact supervisor or site manager."
    },
    "scan": {
        "ready_to_begin": "Ready to Begin",
        "scan_instruction": "Please scan the <1>QR code</1> located on the trailer's control panel to start recording images.",
        "scan_button": "Scan QR Code",
        "scanner_title": "Scanner",
        "active_session": "Active Session",
        "start_scan": "Start Scan",
        "camera_inactive": "Camera inactive",
        "align_qr": "Align QR code within the frame",
        "enter_manually": "Enter Chassis Manually",
        "manual_placeholder": "Enter Chassis ID (e.g. trailer12345)",
        "cancel": "Cancel",
        "submit": "Submit",
        "camera_perm_denied": "Camera permission denied. Please allow camera access.",
        "camera_start_error": "Could not start camera. Please ensure no other apps are using it.",
        "invalid_qr": "Invalid QR Code: \"{{code}}\"",
        "session_started": "Session Started: {{id}}",
        "invalid_chassis": "Invalid Chassis Number"
    },
    "session": {
        "driver_name": "Driver Name",
        "driver_placeholder": "Enter your full name",
        "trailer_id": "Trailer ID",
        "trailer_placeholder": "Scan or Enter ID",
        "pin_code": "Security PIN",
        "pin_placeholder": "Enter 6-digit PIN",
        "start_session": "Start Assembly Session",
        "back_to_home": "Back to Home",
        "welcome": "Welcome, {{name}}",
        "session_active": "Session Active",
        "chassis_number": "Chassis Number",
        "existing_images": "Existing Images",
        "no_images": "No images yet",
        "select_images": "Select Images",
        "capture_images": "Capture Images",
        "add_comment": "ADD COMMENT",
        "comment_placeholder": "Describe condition, issues or loading status...",
        "gps_location": "GPS Location",
        "manual_entry": "MANUAL ENTRY",
        "latitude": "Latitude",
        "longitude": "Longitude",
        "fetching": "Fetching...",
        "submit_images": "Submit Images",
        "submitting": "Submitting...",
        "align_grid": "ALIGN TRAILER WITH GRID",
        "photo_captured": "Photo captured",
        "session_submitted": "Session Submitted Successfully",
        "validation_error": "Please fill in all fields correctly"
    },
    "confirmation": {
        "success_title": "Session Complete",
        "success_message": "All photos and data have been successfully uploaded to the central server.",
        "session_id": "Session ID",
        "images_uploaded": "Images Uploaded",
        "gps_coordinates": "GPS Coordinates",
        "return_home": "Return to Home"
    }
}