{
    "app": {
        "title": "Trailer Montage Portaal",
        "header_title": "Trailer Montage",
        "logout": "Uitloggen",
        "logistics_corp": "LOGISTICS CORP",
        "need_assistance": "Hulp nodig?",
        "contact_supervisor": "Neem contact op met de supervisor of locatiemanager."
    },
    "scan": {
        "ready_to_begin": "Klaar om te beginnen",
        "scan_instruction": "Scan de <1>QR-code</1> op het bedieningspaneel van de trailer om beelden vast te leggen.",
        "scan_button": "Scan QR-code",
        "scanner_title": "Scanner",
        "active_session": "Actieve Sessie",
        "start_scan": "Start Scan",
        "camera_inactive": "Camera inactief",
        "align_qr": "Plaats QR-code in het kader",
        "enter_manually": "Chassis handmatig invoeren",
        "manual_placeholder": "Voer Chassis ID in (bijv. trailer12345)",
        "cancel": "Annuleren",
        "submit": "Versturen",
        "camera_perm_denied": "Cameratoegang geweigerd. Sta cameratoegang toe.",
        "camera_start_error": "Kan camera niet starten. Zorg ervoor dat geen andere apps deze gebruiken.",
        "invalid_qr": "Ongeldige QR-code: \"{{code}}\"",
        "session_started": "Sessie gestart: {{id}}",
        "invalid_chassis": "Ongeldig chassisnummer"
    },
    "session": {
        "driver_name": "Naam Chauffeur",
        "driver_placeholder": "Vul uw volledige naam in",
        "trailer_id": "Trailer ID",
        "trailer_placeholder": "Scan of voer ID in",
        "pin_code": "Beveiligingscode",
        "pin_placeholder": "Voer 6-cijferige pincode in",
        "start_session": "Start Montagesessie",
        "back_to_home": "Terug naar Start",
        "welcome": "Welkom, {{name}}",
        "session_active": "Sessie Actief",
        "chassis_number": "Chassisnummer",
        "existing_images": "Bestaande Afbeeldingen",
        "no_images": "Nog geen afbeeldingen",
        "select_gallery": "Selecteer uit galerij",
        "capture_images": "Maak Foto's",
        "add_comment": "OPMERKING TOEVOEGEN",
        "comment_placeholder": "Beschrijf conditie, problemen of laadstatus...",
        "gps_location": "GPS Locatie",
        "manual_entry": "HANDMATIG",
        "latitude": "Breedtegraad",
        "longitude": "Lengtegraad",
        "fetching": "Ophalen...",
        "submit_images": "Verstuur Afbeeldingen",
        "submitting": "Versturen...",
        "align_grid": "LIJN TRAILER UIT MET ROOSTER",
        "photo_captured": "Foto gemaakt",
        "session_submitted": "Sessie succesvol verzonden",
        "validation_error": "Vul alle velden correct in"
    },
    "confirmation": {
        "success_title": "Sessie Voltooid",
        "success_message": "Alle foto's en gegevens zijn succesvol geüpload naar de centrale server.",
        "session_id": "Sessie ID",
        "images_uploaded": "Afbeeldingen Geüpload",
        "gps_coordinates": "GPS Coördinaten",
        "return_home": "Terug naar Start"
    }
}